10;1;Lunettes de vue;home;;;Lunettes de vue;Lunettes de vue;;
11;1;Hommes;10;;;Hommes;Hommes;;
15;1;Lunettes de vue ecaille;11;;;Lunettes de vue ecaille;Lunettes de vue ecaille;;
17;1;Lunettes de vue tendances 2012;11;;;Lunettes de vue tendances 2012;Lunettes de vue tendances 2012;;
52;1;Lunettes de vue ecaille;17;;;Lunettes de vue ecaille;Lunettes de vue ecaille;;
60;1;Selection;17;;;Selection;Selection;;
18;1;Lunettes de vue discretes;11;;;Lunettes de vue discretes;Lunettes de vue discretes;;
36;1;Lunettes de sport;11;;;Lunettes de sport;Lunettes de sport;;
37;1;Lunettes de vue pas cheres;11;;;Lunettes de vue pas cheres;Lunettes de vue pas cheres;;
38;1;Lunettes de vue discretes;37;;;Lunettes de vue discretes;Lunettes de vue discretes;;
42;1;Lunettes de vue ecaille;37;;;Lunettes de vue ecaille;Lunettes de vue ecaille;;
49;1;Lunettes de vue tendances 2012;37;;;Lunettes de vue tendances 2012;Lunettes de vue tendances 2012;;
50;1;Selection;49;;;Selection;Selection;;
12;1;Femmes;10;;;Femmes;Femmes;;
13;1;Lunettes de vue ecaille;12;;;Lunettes de vue ecaille;Lunettes de vue ecaille;;
14;1;Lunettes de vue tendances 2012;12;;;Lunettes de vue tendances 2012;Lunettes de vue tendances 2012;;
34;1;Lunettes de vue ecaille;14;;;Lunettes de vue ecaille;Lunettes de vue ecaille;;
62;1;Selection;14;;;Selection;Selection;;
16;1;Lunettes de vue discretes;12;;;Lunettes de vue discretes;Lunettes de vue discretes;;
33;1;Selection;12;;;Selection;Selection;;
39;1;Lunettes de vue pas cheres;12;;;Lunettes de vue pas cheres;Lunettes de vue pas cheres;;
40;1;Lunettes de vue ecaille;39;;;Lunettes de vue ecaille;Lunettes de vue ecaille;;
41;1;Lunettes de vue discretes;39;;;Lunettes de vue discretes;Lunettes de vue discretes;;
43;1;Lunettes de vue tendances 2012;39;;;Lunettes de vue tendances 2012;Lunettes de vue tendances 2012;;
44;1;Lunettes de vue ecaille;43;;;Lunettes de vue ecaille;Lunettes de vue ecaille;;
19;1;Lunettes de soleil;home;;;Lunettes de soleil;Lunettes de soleil;;
20;1;Femmes;19;;;Femmes;Femmes;;
21;1;Lunettes de soleil tendances 2012;20;;;Lunettes de soleil tendances 2012;Lunettes de soleil tendances 2012;;
56;1;Selection;21;;;Selection;Selection;;
58;1;Lunettes de soleil oversize;21;;;Lunettes de soleil oversize;Lunettes de soleil oversize;;
22;1;Lunettes de vue ecaille;20;;;Lunettes de vue ecaille;Lunettes de vue ecaille;;
32;1;Lunettes de soleil oversize;22;;;Lunettes de soleil oversize;Lunettes de soleil oversize;;
57;1;Lunettes de soleil tendances 2012;22;;;Lunettes de soleil tendances 2012;Lunettes de soleil tendances 2012;;
59;1;Lunettes de soleil oversize;57;;;Lunettes de soleil oversize;Lunettes de soleil oversize;;
31;1;Lunettes de soleil oversize;20;;;Lunettes de soleil oversize;Lunettes de soleil oversize;;
45;1;Lunettes de soleil pas cheres;20;;;Lunettes de soleil pas cheres;Lunettes de soleil pas cheres;;
63;1;Lunettes de vue tendances 2012;20;;;Lunettes de vue tendances 2012;Lunettes de vue tendances 2012;;
64;1;Selection;20;;;Selection;Selection;;
23;1;Hommes;19;;;Hommes;Hommes;;
24;1;Lunettes de soleil tendances 2012;23;;;Lunettes de soleil tendances 2012;Lunettes de soleil tendances 2012;;
55;1;Selection;24;;;Selection;Selection;;
25;1;Lunettes de vue tendances 2012;23;;;Lunettes de vue tendances 2012;Lunettes de vue tendances 2012;;
26;1;Lunettes de soleil tendances 2012;25;;;Lunettes de soleil tendances 2012;Lunettes de soleil tendances 2012;;
27;1;Femmes;23;;;Femmes;Femmes;;
28;1;Lunettes de soleil tendances 2012;27;;;Lunettes de soleil tendances 2012;Lunettes de soleil tendances 2012;;
29;1;Lunettes de vue ecaille;27;;;Lunettes de vue ecaille;Lunettes de vue ecaille;;
30;1;Lunettes de soleil tendances 2012;29;;;Lunettes de soleil tendances 2012;Lunettes de soleil tendances 2012;;
35;1;Lunettes de sport;23;;;Lunettes de sport;Lunettes de sport;;
46;1;Lunettes de soleil pas cheres;23;;;Lunettes de soleil pas cheres;Lunettes de soleil pas cheres;;
51;1;Selection;23;;;Selection;Selection;;
53;1;Lunettes de vue ecaille;23;;;Lunettes de vue ecaille;Lunettes de vue ecaille;;
54;1;Lunettes de soleil tendances 2012;53;;;Lunettes de soleil tendances 2012;Lunettes de soleil tendances 2012;;
61;1;Lunettes de soleil oversize;23;;;Lunettes de soleil oversize;Lunettes de soleil oversize;;
47;1;Enfants;19;;;Enfants;Enfants;;
48;1;Lunettes de sport;47;;;Lunettes de sport;Lunettes de sport;;
